edge_type,ttest,ztest
a_in,0.069003571818,0.0564406022004
a_out,0.0969766753788,0.0835787425536
a_both,0.0795998310022,0.0666287827521
c_in,0.836529655188,0.834692529556
c_out,0.699921214312,0.696330076806
c_both,0.766843475985,0.764148468723
u_in,0.041826885271,0.0311246045847
u_out,0.0535148702612,0.041832458545
u_both,0.0450540593051,0.0340469608196
g_in,0.617115121916,0.612290620459
g_out,0.793620303432,0.791262885911
g_both,0.703432252904,0.699890192397
